<!--
 * Licensed to the Apache Software Foundation (ASF) under one
 * or more contributor license agreements.  See the NOTICE file
 * distributed with this work for additional information
 * regarding copyright ownership.  The ASF licenses this file
 * to you under the Apache License, Version 2.0 (the
 * "License"); you may not use this file except in compliance
 * with the License.  You may obtain a copy of the License at
 * 
 *   http://www.apache.org/licenses/LICENSE-2.0
 * 
 * Unless required by applicable law or agreed to in writing,
 * software distributed under the License is distributed on an
 * "AS IS" BASIS, WITHOUT WARRANTIES OR CONDITIONS OF ANY
 * KIND, either express or implied.  See the License for the
 * specific language governing permissions and limitations
 * under the License.
-->
<project name="tuscany-base-runtime-pom">
  <property name="tuscany.manifest" value="/home/lresende/opensource/apache/tuscany/svn-java-sca-2.0.1/distribution/all/target/features/tuscany-base-runtime-pom/tuscany-sca-manifest.jar"/>
  <dirname property="tuscany-base-runtime-pom.basedir" file="${ant.file.tuscany-base-runtime-pom}"/>
  <path id="tuscany-base-runtime-pom.path">
    <fileset dir="${tuscany-base-runtime-pom.basedir}../../../modules">
      <include name="XmlSchema-1.4.3.jar"/>
      <include name="asm-3.1/asm-3.1.jar"/>
      <include name="cglib-2.2/cglib-2.2.jar"/>
      <include name="jsr311-api-1.1.1.jar"/>
      <include name="tuscany-assembly-2.0.1.jar"/>
      <include name="tuscany-assembly-xml-2.0.1.jar"/>
      <include name="tuscany-assembly-xsd-2.0.1.jar"/>
      <include name="tuscany-binding-atom-2.0.1.jar"/>
      <include name="tuscany-binding-comet-2.0.1.jar"/>
      <include name="tuscany-binding-corba-2.0.1.jar"/>
      <include name="tuscany-binding-ejb-2.0.1.jar"/>
      <include name="tuscany-binding-http-2.0.1.jar"/>
      <include name="tuscany-binding-jms-2.0.1.jar"/>
      <include name="tuscany-binding-jsonp-2.0.1.jar"/>
      <include name="tuscany-binding-jsonrpc-2.0.1.jar"/>
      <include name="tuscany-binding-rest-2.0.1.jar"/>
      <include name="tuscany-binding-rmi-2.0.1.jar"/>
      <include name="tuscany-binding-sca-runtime-2.0.1.jar"/>
      <include name="tuscany-binding-ws-2.0.1.jar"/>
      <include name="tuscany-binding-ws-runtime-jaxws-2.0.1.jar"/>
      <include name="tuscany-binding-ws-runtime-jaxws-ri-2.0.1.jar"/>
      <include name="tuscany-binding-ws-wsdlgen-2.0.1.jar"/>
      <include name="tuscany-builder-2.0.1.jar"/>
      <include name="tuscany-common-http-2.0.1.jar"/>
      <include name="tuscany-common-java-2.0.1.jar"/>
      <include name="tuscany-common-xml-2.0.1.jar"/>
      <include name="tuscany-contribution-2.0.1.jar"/>
      <include name="tuscany-core-2.0.1.jar"/>
      <include name="tuscany-core-databinding-2.0.1.jar"/>
      <include name="tuscany-core-spi-2.0.1.jar"/>
      <include name="tuscany-data-api-2.0.1.jar"/>
      <include name="tuscany-databinding-2.0.1.jar"/>
      <include name="tuscany-databinding-jaxb-2.0.1.jar"/>
      <include name="tuscany-deployment-2.0.1.jar"/>
      <include name="tuscany-domain-node-2.0.1.jar"/>
      <include name="tuscany-extensibility-2.0.1.jar"/>
      <include name="tuscany-host-corba-2.0.1.jar"/>
      <include name="tuscany-host-http-2.0.1.jar"/>
      <include name="tuscany-host-jetty-2.0.1.jar"/>
      <include name="tuscany-host-webapp-2.0.1.jar"/>
      <include name="tuscany-implementation-bpel-2.0.1.jar"/>
      <include name="tuscany-implementation-java-2.0.1.jar"/>
      <include name="tuscany-implementation-java-runtime-2.0.1.jar"/>
      <include name="tuscany-implementation-jaxrs-2.0.1.jar"/>
      <include name="tuscany-implementation-python-2.0.1.jar"/>
      <include name="tuscany-implementation-script-2.0.1.jar"/>
      <include name="tuscany-implementation-spring-2.0.1.jar"/>
      <include name="tuscany-implementation-web-2.0.1.jar"/>
      <include name="tuscany-implementation-web-runtime-2.0.1.jar"/>
      <include name="tuscany-implementation-widget-2.0.1.jar"/>
      <include name="tuscany-interface-java-2.0.1.jar"/>
      <include name="tuscany-interface-java-jaxws-2.0.1.jar"/>
      <include name="tuscany-interface-wsdl-2.0.1.jar"/>
      <include name="tuscany-launcher-2.0.1.jar"/>
      <include name="tuscany-monitor-2.0.1.jar"/>
      <include name="tuscany-node-api-2.0.1.jar"/>
      <include name="tuscany-node-impl-2.0.1.jar"/>
      <include name="tuscany-policy-security-2.0.1.jar"/>
      <include name="tuscany-sca-api-2.0.1.jar"/>
      <include name="tuscany-sca-client-impl-2.0.1.jar"/>
      <include name="tuscany-shell-2.0.1.jar"/>
      <include name="tuscany-wink-2.0.1.jar"/>
      <include name="tuscany-xsd-2.0.1.jar"/>
      <include name="wsdl4j-1.6.2/wsdl4j-1.6.2.jar"/>
    </fileset>
  </path>
</project>
