<!--
 * Licensed to the Apache Software Foundation (ASF) under one
 * or more contributor license agreements.  See the NOTICE file
 * distributed with this work for additional information
 * regarding copyright ownership.  The ASF licenses this file
 * to you under the Apache License, Version 2.0 (the
 * "License"); you may not use this file except in compliance
 * with the License.  You may obtain a copy of the License at
 * 
 *   http://www.apache.org/licenses/LICENSE-2.0
 * 
 * Unless required by applicable law or agreed to in writing,
 * software distributed under the License is distributed on an
 * "AS IS" BASIS, WITHOUT WARRANTIES OR CONDITIONS OF ANY
 * KIND, either express or implied.  See the License for the
 * specific language governing permissions and limitations
 * under the License.
-->
<project name="tuscany.tuscany-distribution-all">
  <property name="tuscany.distro" value="tuscany-distribution-all"/>
  <property name="tuscany.manifest" value="/home/lresende/opensource/apache/tuscany/svn-java-sca-2.0.1/distribution/all/target/features/tuscany-sca-manifest.jar"/>
  <path id="tuscany.path">
    <fileset dir="/home/lresende/opensource/apache/tuscany/svn-java-sca-2.0.1/distribution/all/target/modules">
      <include name="serializer-2.7.1/serializer-2.7.1.jar"/>
      <include name="tuscany-core-2.0.1.jar"/>
      <include name="xmlsec-1.4.4/xmlsec-1.4.4.jar"/>
      <include name="rampart-trust-1.5.1/rampart-trust-1.5.1.jar"/>
      <include name="openws-1.4.1/openws-1.4.1.jar"/>
      <include name="wink-server-1.2.0-incubating.jar"/>
      <include name="jython-2.5.2-beta1/jython-2.5.2-beta1.jar"/>
      <include name="spring-context-support-3.0.5.RELEASE.jar"/>
      <include name="ode-bpel-runtime-1.3.2/ode-bpel-runtime-1.3.2.jar"/>
      <include name="tuscany-web-javascript-dojo-2.0.1.jar"/>
      <include name="tuscany-implementation-python-runtime-2.0.1.jar"/>
      <include name="registry-3.4.100-v20090520-1800.jar"/>
      <include name="tuscany-binding-rmi-2.0.1.jar"/>
      <include name="tuscany-binding-jsonp-2.0.1.jar"/>
      <include name="tuscany-binding-jms-2.0.1.jar"/>
      <include name="tuscany-binding-rest-runtime-2.0.1.jar"/>
      <include name="wink-common-1.2.0-incubating.jar"/>
      <include name="xmltooling-1.3.1/xmltooling-1.3.1.jar"/>
      <include name="tuscany-binding-jms-runtime-2.0.1.jar"/>
      <include name="juli-6.0.26/juli-6.0.26.jar"/>
      <include name="tuscany-contribution-2.0.1.jar"/>
      <include name="tuscany-interface-wsdl-2.0.1.jar"/>
      <include name="tuscany-databinding-axiom-2.0.1.jar"/>
      <include name="saxon-9.1.0.8-xpath/saxon-9.1.0.8-xpath.jar"/>
      <include name="xsd-2.2.3.jar"/>
      <include name="tuscany-databinding-json-2.0.1.jar"/>
      <include name="tuscany-sdo-impl-1.1.1/tuscany-sdo-impl-1.1.1.jar"/>
      <include name="tuscany-contribution-osgi-2.0.1.jar"/>
      <include name="services-3.2.0-v20090520-1800.jar"/>
      <include name="common-2.2.3.jar"/>
      <include name="dom4j-1.6.1/dom4j-1.6.1.jar"/>
      <include name="tuscany-node-impl-osgi-2.0.1.jar"/>
      <include name="log4j-1.2.15/log4j-1.2.15.jar"/>
      <include name="tuscany-stripes-2.0.1.jar"/>
      <include name="ode-scheduler-simple-1.3.2/ode-scheduler-simple-1.3.2.jar"/>
      <include name="ode-bpel-compiler-1.3.2/ode-bpel-compiler-1.3.2.jar"/>
      <include name="tuscany-sca-client-impl-2.0.1.jar"/>
      <include name="opensaml-2.4.1/opensaml-2.4.1.jar"/>
      <include name="ode-bpel-store-1.3.2/ode-bpel-store-1.3.2.jar"/>
      <include name="tuscany-policy-security-2.0.1.jar"/>
      <include name="tuscany-binding-ejb-runtime-2.0.1.jar"/>
      <include name="tuscany-interface-java-2.0.1.jar"/>
      <include name="tuscany-assembly-xml-2.0.1.jar"/>
      <include name="jobs-3.4.0-v20080512.jar"/>
      <include name="commons-beanutils-1.7.0/commons-beanutils-1.7.0.jar"/>
      <include name="jackson-core-asl-1.9.4.jar"/>
      <include name="tuscany-binding-rmi-runtime-2.0.1.jar"/>
      <include name="tuscany-implementation-jaxrs-2.0.1.jar"/>
      <include name="jruby-complete-1.5.5.jar"/>
      <include name="tuscany-implementation-web-2.0.1.jar"/>
      <include name="httpclient-4.1.3/httpclient-4.1.3.jar"/>
      <include name="wink-client-apache-httpclient-1.2.0-incubating/wink-client-apache-httpclient-1.2.0-incubating.jar"/>
      <include name="spring-beans-3.0.5.RELEASE.jar"/>
      <include name="tuscany-implementation-web-runtime-2.0.1.jar"/>
      <include name="tuscany-implementation-bpel-2.0.1.jar"/>
      <include name="runtime-3.4.0-v20080512.jar"/>
      <include name="tuscany-implementation-java-2.0.1.jar"/>
      <include name="derby-10.4.1.3/derby-10.4.1.3.jar"/>
      <include name="wsdl4j-1.6.2/wsdl4j-1.6.2.jar"/>
      <include name="geronimo-j2ee-connector_1.5_spec-2.0.0.jar"/>
      <include name="mail-1.4/mail-1.4.jar"/>
      <include name="tuscany-implementation-python-2.0.1.jar"/>
      <include name="tuscany-implementation-script-runtime-2.0.1.jar"/>
      <include name="tuscany-host-http-2.0.1.jar"/>
      <include name="axiom-impl-1.2.10/axiom-impl-1.2.10.jar"/>
      <include name="tuscany-policy-wspolicy-2.0.1.jar"/>
      <include name="slf4j-jdk14-1.6.1.jar"/>
      <include name="contenttype-3.3.0-v20080604-1400.jar"/>
      <include name="tuscany-deployment-2.0.1.jar"/>
      <include name="tuscany-sdo-lib-1.1.1.jar"/>
      <include name="tuscany-interface-java-jaxrs-2.0.1.jar"/>
      <include name="ecore-xmi-2.2.3.jar"/>
      <include name="tuscany-databinding-jaxb-2.0.1.jar"/>
      <include name="htmlparser-1.0.5/htmlparser-1.0.5.jar"/>
      <include name="tuscany-binding-ws-runtime-jaxws-ri-2.0.1.jar"/>
      <include name="abdera-core-1.1.1.jar"/>
      <include name="ode-bpel-dao-1.3.2/ode-bpel-dao-1.3.2.jar"/>
      <include name="geronimo-kernel-2.0.1/geronimo-kernel-2.0.1.jar"/>
      <include name="geronimo-connector-2.1.4.jar"/>
      <include name="spring-expression-3.0.5.RELEASE.jar"/>
      <include name="axis2-mtompolicy-1.5.4/axis2-mtompolicy-1.5.4.jar"/>
      <include name="tuscany-implementation-java-runtime-2.0.1.jar"/>
      <include name="tuscany-core-databinding-2.0.1.jar"/>
      <include name="spring-webmvc-3.0.5.RELEASE.jar"/>
      <include name="tuscany-host-corba-jse-2.0.1.jar"/>
      <include name="tuscany-extensibility-equinox-2.0.1.jar"/>
      <include name="tuscany-binding-ws-runtime-jaxws-2.0.1.jar"/>
      <include name="tuscany-binding-jsonrpc-2.0.1.jar"/>
      <include name="XmlSchema-1.4.3.jar"/>
      <include name="tuscany-implementation-spring-2.0.1.jar"/>
      <include name="tuscany-implementation-spring-runtime-2.0.1.jar"/>
      <include name="tuscany-binding-jsonp-runtime-2.0.1.jar"/>
      <include name="spring-web-3.0.5.RELEASE.jar"/>
      <include name="ode-dao-hibernate-1.3.2/ode-dao-hibernate-1.3.2.jar"/>
      <include name="wink-client-1.2.0-incubating.jar"/>
      <include name="abdera-client-1.1.1.jar"/>
      <include name="tuscany-domain-hazelcast-2.0.1.jar"/>
      <include name="tuscany-databinding-jaxb-axiom-2.0.1.jar"/>
      <include name="saxon-9.1.0.8/saxon-9.1.0.8.jar"/>
      <include name="tuscany-binding-http-runtime-2.0.1.jar"/>
      <include name="tuscany-wink-2.0.1.jar"/>
      <include name="tuscany-binding-rest-2.0.1.jar"/>
      <include name="asm-3.1/asm-3.1.jar"/>
      <include name="mex-1.5.4-impl/mex-1.5.4-impl.jar"/>
      <include name="slf4j-api-1.6.1.jar"/>
      <include name="tuscany-data-api-2.0.1.jar"/>
      <include name="tuscany-databinding-sdo-2.0.1.jar"/>
      <include name="tuscany-host-corba-jse-tns-2.0.1.jar"/>
      <include name="xmlbeans-2.3.0/xmlbeans-2.3.0.jar"/>
      <include name="tribes-6.0.26/tribes-6.0.26.jar"/>
      <include name="tuscany-web-javascript-2.0.1.jar"/>
      <include name="rampart-policy-1.5.1/rampart-policy-1.5.1.jar"/>
      <include name="abdera-extensions-main-1.1.1.jar"/>
      <include name="hazelcast-1.9.2.2.jar"/>
      <include name="tuscany-implementation-web-client-2.0.1.jar"/>
      <include name="jcl-over-slf4j-1.6.1.jar"/>
      <include name="axiom-api-1.2.10.jar"/>
      <include name="servlet-api-2.5/servlet-api-2.5.jar"/>
      <include name="tuscany-host-corba-jee-2.0.1.jar"/>
      <include name="rampart-core-1.5.1/rampart-core-1.5.1.jar"/>
      <include name="jsr311-api-1.1.1.jar"/>
      <include name="js-1.7R2/js-1.7R2.jar"/>
      <include name="neethi-2.0.4.jar"/>
      <include name="hazelcast-client-1.9.2.2/hazelcast-client-1.9.2.2.jar"/>
      <include name="tuscany-implementation-bpel-runtime-2.0.1.jar"/>
      <include name="tuscany-endpoint-tribes-2.0.1.jar"/>
      <include name="geronimo-jta_1.1_spec-1.1.1.jar"/>
      <include name="tuscany-monitor-2.0.1.jar"/>
      <include name="tuscany-shell-2.0.1.jar"/>
      <include name="tuscany-implementation-script-2.0.1.jar"/>
      <include name="aopalliance-1.0/aopalliance-1.0.jar"/>
      <include name="commons-httpclient-3.1/commons-httpclient-3.1.jar"/>
      <include name="ode-dao-jpa-1.3.2/ode-dao-jpa-1.3.2.jar"/>
      <include name="tuscany-launcher-2.0.1.jar"/>
      <include name="saxon-9.1.0.8-dom/saxon-9.1.0.8-dom.jar"/>
      <include name="abdera-server-1.1.1.jar"/>
      <include name="org.apache.axis2.osgi-1.5.3/org.apache.axis2.osgi-1.5.3.jar"/>
      <include name="geronimo-javamail_1.4_spec-1.6.jar"/>
      <include name="jettison-1.2.jar"/>
      <include name="groovy-all-1.7.1.jar"/>
      <include name="jstl-1.1.2/jstl-1.1.2.jar"/>
      <include name="httpcore-4.1.4/httpcore-4.1.4.jar"/>
      <include name="commons-codec-1.4.jar"/>
      <include name="jackson-xc-1.9.4.jar"/>
      <include name="tuscany-binding-comet-2.0.1.jar"/>
      <include name="tuscany-databinding-2.0.1.jar"/>
      <include name="preferences-3.2.300-v20090520-1800.jar"/>
      <include name="saxon-9.1.0.8-xqj/saxon-9.1.0.8-xqj.jar"/>
      <include name="abdera-parser-1.1.1.jar"/>
      <include name="commons-discovery-0.4/commons-discovery-0.4.jar"/>
      <include name="tuscany-sca-api-2.0.1.jar"/>
      <include name="axiom-dom-1.2.10.jar"/>
      <include name="tuscany-xsd-2.0.1.jar"/>
      <include name="tuscany-extensibility-2.0.1.jar"/>
      <include name="ecore-change-2.2.3.jar"/>
      <include name="jdom-1.0/jdom-1.0.jar"/>
      <include name="tuscany-binding-atom-2.0.1.jar"/>
      <include name="openjpa-1.2.1/openjpa-1.2.1.jar"/>
      <include name="regexp-1.3/regexp-1.3.jar"/>
      <include name="tuscany-tracing-aspectj-2.0.1.jar"/>
      <include name="tuscany-common-xml-2.0.1.jar"/>
      <include name="tuscany-implementation-widget-2.0.1.jar"/>
      <include name="ode-jacob-ap-1.3.2/ode-jacob-ap-1.3.2.jar"/>
      <include name="howl-1.0.1-1/howl-1.0.1-1.jar"/>
      <include name="tuscany-binding-ws-wsdlgen-2.0.1.jar"/>
      <include name="spring-asm-3.0.5.RELEASE.jar"/>
      <include name="wss4j-1.5.11.jar"/>
      <include name="tuscany-binding-corba-2.0.1.jar"/>
      <include name="backport-util-concurrent-3.1/backport-util-concurrent-3.1.jar"/>
      <include name="xercesImpl-2.8.1/xercesImpl-2.8.1.jar"/>
      <include name="tuscany-policy-logging-2.0.1.jar"/>
      <include name="tuscany-domain-node-2.0.1.jar"/>
      <include name="tuscany-implementation-osgi-2.0.1.jar"/>
      <include name="common-3.5.0-v20090520-1800.jar"/>
      <include name="tuscany-assembly-2.0.1.jar"/>
      <include name="spring-context-3.0.5.RELEASE.jar"/>
      <include name="tuscany-databinding-sdo-axiom-2.0.1.jar"/>
      <include name="geronimo-jms_1.1_spec-1.1.1.jar"/>
      <include name="aspectjrt-1.6.8/aspectjrt-1.6.8.jar"/>
      <include name="aspectjweaver-1.6.8/aspectjweaver-1.6.8.jar"/>
      <include name="ode-agents-1.3.2/ode-agents-1.3.2.jar"/>
      <include name="tuscany-interface-java-jaxws-2.0.1.jar"/>
      <include name="abdera-extensions-json-1.1.1.jar"/>
      <include name="geronimo-transaction-2.1.4.jar"/>
      <include name="tuscany-implementation-jaxrs-runtime-2.0.1.jar"/>
      <include name="myfaces-api-1.2.2/myfaces-api-1.2.2.jar"/>
      <include name="tuscany-binding-ws-runtime-axis2-2.0.1.jar"/>
      <include name="geronimo-jpa_3.0_spec-1.1.1.jar"/>
      <include name="tuscany-binding-sca-runtime-2.0.1.jar"/>
      <include name="abdera-extensions-html-1.1.1.jar"/>
      <include name="tuscany-node-impl-2.0.1.jar"/>
      <include name="tuscany-host-jetty-2.0.1.jar"/>
      <include name="abdera-i18n-1.1.1.jar"/>
      <include name="tuscany-binding-http-2.0.1.jar"/>
      <include name="tuscany-host-webapp-2.0.1.jar"/>
      <include name="bsf-utils-3.1/bsf-utils-3.1.jar"/>
      <include name="tuscany-binding-jsonrpc-runtime-2.0.1.jar"/>
      <include name="ode-bpel-epr-1.3.2/ode-bpel-epr-1.3.2.jar"/>
      <include name="commons-lang-2.3/commons-lang-2.3.jar"/>
      <include name="commons-collections-3.2/commons-collections-3.2.jar"/>
      <include name="tuscany-core-spi-2.0.1.jar"/>
      <include name="geronimo-ejb_3.0_spec-1.0.1.jar"/>
      <include name="tuscany-myfaces-2.0.1.jar"/>
      <include name="tuscany-binding-atom-runtime-2.0.1.jar"/>
      <include name="tuscany-host-corba-2.0.1.jar"/>
      <include name="xalan-2.7.1/xalan-2.7.1.jar"/>
      <include name="myfaces-impl-1.2.2/myfaces-impl-1.2.2.jar"/>
      <include name="stripes-1.5.2/stripes-1.5.2.jar"/>
      <include name="jetty-util-6.1.26.jar"/>
      <include name="commons-digester-1.8/commons-digester-1.8.jar"/>
      <include name="commons-logging-1.1.1/commons-logging-1.1.1.jar"/>
      <include name="dwr-2.0.3/dwr-2.0.3.jar"/>
      <include name="tuscany-common-http-2.0.1.jar"/>
      <include name="ode-bpel-api-1.3.2/ode-bpel-api-1.3.2.jar"/>
      <include name="jackson-mapper-asl-1.9.4.jar"/>
      <include name="ode-bpel-schemas-1.3.2/ode-bpel-schemas-1.3.2.jar"/>
      <include name="commons-pool-1.3/commons-pool-1.3.jar"/>
      <include name="tuscany-binding-corba-runtime-2.0.1.jar"/>
      <include name="spring-aop-3.0.5.RELEASE.jar"/>
      <include name="tuscany-implementation-osgi-runtime-2.0.1.jar"/>
      <include name="serp-1.13.1/serp-1.13.1.jar"/>
      <include name="cglib-2.2/cglib-2.2.jar"/>
      <include name="tuscany-node-launcher-equinox-2.0.1.jar"/>
      <include name="tuscany-binding-ejb-2.0.1.jar"/>
      <include name="tuscany-node-api-2.0.1.jar"/>
      <include name="ode-utils-1.3.2/ode-utils-1.3.2.jar"/>
      <include name="spring-core-3.0.5.RELEASE.jar"/>
      <include name="tuscany-binding-ws-2.0.1.jar"/>
      <include name="tuscany-sdo-api-r2.1-1.1.1.jar"/>
      <include name="tuscany-assembly-xsd-2.0.1.jar"/>
      <include name="tuscany-implementation-spring-webapp-2.0.1.jar"/>
      <include name="geronimo-annotation_1.1_spec-1.0.jar"/>
      <include name="ecore-2.2.3.jar"/>
      <include name="app-1.2.0-v20090520-1800.jar"/>
      <include name="jaxen-1.1.1/jaxen-1.1.1.jar"/>
      <include name="ode-jacob-1.3.2/ode-jacob-1.3.2.jar"/>
      <include name="wink-json4j-1.2.0-incubating.jar"/>
      <include name="tuscany-common-java-2.0.1.jar"/>
      <include name="tranql-connector-1.1/tranql-connector-1.1.jar"/>
      <include name="osgi-3.5.0-v20090520.jar"/>
      <include name="tuscany-implementation-widget-runtime-2.0.1.jar"/>
      <include name="ode-bpel-obj-1.3.2/ode-bpel-obj-1.3.2.jar"/>
      <include name="tuscany-host-rmi-2.0.1.jar"/>
      <include name="commons-cli-1.2.jar"/>
      <include name="tuscany-implementation-widget-runtime-dojo-2.0.1.jar"/>
      <include name="jetty-6.1.26.jar"/>
      <include name="tuscany-builder-2.0.1.jar"/>
    </fileset>
  </path>
</project>
