<?xml version="1.0" encoding="ASCII"?>
<!--
 * Licensed to the Apache Software Foundation (ASF) under one
 * or more contributor license agreements.  See the NOTICE file
 * distributed with this work for additional information
 * regarding copyright ownership.  The ASF licenses this file
 * to you under the Apache License, Version 2.0 (the
 * "License"); you may not use this file except in compliance
 * with the License.  You may obtain a copy of the License at
 * 
 *   http://www.apache.org/licenses/LICENSE-2.0
 * 
 * Unless required by applicable law or agreed to in writing,
 * software distributed under the License is distributed on an
 * "AS IS" BASIS, WITHOUT WARRANTIES OR CONDITIONS OF ANY
 * KIND, either express or implied.  See the License for the
 * specific language governing permissions and limitations
 * under the License.    
-->
<sca:definitions xmlns="http://www.osoa.org/xmlns/sca/1.0"
 			targetNamespace="http://www.osoa.org/xmlns/sca/1.0"
 			xmlns:sca="http://www.osoa.org/xmlns/sca/1.0"
 			xmlns:tuscany="http://tuscany.apache.org/xmlns/sca/1.0">

 <sca:intent name="transport"  
 			 constrains="sca:binding.ws">
 			 <sca:description>
 			 The general intent that a transport is available over which SOAP messages flow 
 			 </sca:description>
 </sca:intent>

 <sca:intent name="transport.jms">
 			 <sca:description>
 			 A JMS transport is required
 			 </sca:description>
 </sca:intent>
 
 <sca:intent name="transport.http">
             <sca:description>
             An HTTP transport is required
             </sca:description>
 </sca:intent>
 
 <!-- 
   how does the following relate to confidentiality intents 
   does confidentiality become a profile intent?
 -->
 <sca:intent name="transport.https">
             <sca:description>
             An HTTPS transport is required
             </sca:description>
 </sca:intent>

 <sca:policySet name="wsJMSTransportPolicy"
 	provides="transport.jms"
 	appliesTo="sca:binding.ws">
 	<tuscany:wsConfigParam>
        <parameter name="TuscanyQueueConnectionFactory">
            <parameter name="java.naming.factory.initial">org.apache.activemq.jndi.ActiveMQInitialContextFactory</parameter>
            <parameter name="java.naming.provider.url">tcp://localhost:61619</parameter>
            <parameter name="transport.jms.ConnectionFactoryJNDIName">QueueConnectionFactory</parameter>
        </parameter>
 	</tuscany:wsConfigParam>
 </sca:policySet>
 
 </sca:definitions>