<!--
 * Licensed to the Apache Software Foundation (ASF) under one
 * or more contributor license agreements.  See the NOTICE file
 * distributed with this work for additional information
 * regarding copyright ownership.  The ASF licenses this file
 * to you under the Apache License, Version 2.0 (the
 * "License"); you may not use this file except in compliance
 * with the License.  You may obtain a copy of the License at
 * 
 *   http://www.apache.org/licenses/LICENSE-2.0
 * 
 * Unless required by applicable law or agreed to in writing,
 * software distributed under the License is distributed on an
 * "AS IS" BASIS, WITHOUT WARRANTIES OR CONDITIONS OF ANY
 * KIND, either express or implied.  See the License for the
 * specific language governing permissions and limitations
 * under the License.
-->
<project name="tuscany-binding-rmi-runtime">
  <property name="tuscany.manifest" value="/home/lresende/opensource/apache/tuscany/svn-java-sca-2.0.1/distribution/all/target/features/tuscany-binding-rmi-runtime/tuscany-sca-manifest.jar"/>
  <dirname property="tuscany-binding-rmi-runtime.basedir" file="${ant.file.tuscany-binding-rmi-runtime}"/>
  <path id="tuscany-binding-rmi-runtime.path">
    <fileset dir="${tuscany-binding-rmi-runtime.basedir}../../../modules">
      <include name="tuscany-binding-rmi-2.0.1.jar"/>
      <include name="tuscany-binding-rmi-runtime-2.0.1.jar"/>
      <include name="tuscany-host-rmi-2.0.1.jar"/>
    </fileset>
  </path>
</project>
