<!--
 * Licensed to the Apache Software Foundation (ASF) under one
 * or more contributor license agreements.  See the NOTICE file
 * distributed with this work for additional information
 * regarding copyright ownership.  The ASF licenses this file
 * to you under the Apache License, Version 2.0 (the
 * "License"); you may not use this file except in compliance
 * with the License.  You may obtain a copy of the License at
 * 
 *   http://www.apache.org/licenses/LICENSE-2.0
 * 
 * Unless required by applicable law or agreed to in writing,
 * software distributed under the License is distributed on an
 * "AS IS" BASIS, WITHOUT WARRANTIES OR CONDITIONS OF ANY
 * KIND, either express or implied.  See the License for the
 * specific language governing permissions and limitations
 * under the License.
-->
<project name="tuscany-binding-ws-runtime-axis2">
  <property name="tuscany.manifest" value="/home/lresende/opensource/apache/tuscany/svn-java-sca-2.0.1/distribution/all/target/features/tuscany-binding-ws-runtime-axis2/tuscany-sca-manifest.jar"/>
  <dirname property="tuscany-binding-ws-runtime-axis2.basedir" file="${ant.file.tuscany-binding-ws-runtime-axis2}"/>
  <path id="tuscany-binding-ws-runtime-axis2.path">
    <fileset dir="${tuscany-binding-ws-runtime-axis2.basedir}../../../modules">
      <include name="axiom-api-1.2.10.jar"/>
      <include name="axiom-dom-1.2.10.jar"/>
      <include name="axiom-impl-1.2.10/axiom-impl-1.2.10.jar"/>
      <include name="axis2-mtompolicy-1.5.4/axis2-mtompolicy-1.5.4.jar"/>
      <include name="commons-codec-1.4.jar"/>
      <include name="commons-httpclient-3.1/commons-httpclient-3.1.jar"/>
      <include name="commons-logging-1.1.1/commons-logging-1.1.1.jar"/>
      <include name="geronimo-javamail_1.4_spec-1.6.jar"/>
      <include name="jaxen-1.1.1/jaxen-1.1.1.jar"/>
      <include name="log4j-1.2.15/log4j-1.2.15.jar"/>
      <include name="mex-1.5.4-impl/mex-1.5.4-impl.jar"/>
      <include name="neethi-2.0.4.jar"/>
      <include name="opensaml-2.4.1/opensaml-2.4.1.jar"/>
      <include name="openws-1.4.1/openws-1.4.1.jar"/>
      <include name="org.apache.axis2.osgi-1.5.3/org.apache.axis2.osgi-1.5.3.jar"/>
      <include name="rampart-core-1.5.1/rampart-core-1.5.1.jar"/>
      <include name="rampart-policy-1.5.1/rampart-policy-1.5.1.jar"/>
      <include name="rampart-trust-1.5.1/rampart-trust-1.5.1.jar"/>
      <include name="serializer-2.7.1/serializer-2.7.1.jar"/>
      <include name="tuscany-binding-ws-runtime-axis2-2.0.1.jar"/>
      <include name="tuscany-databinding-axiom-2.0.1.jar"/>
      <include name="tuscany-databinding-jaxb-axiom-2.0.1.jar"/>
      <include name="tuscany-policy-wspolicy-2.0.1.jar"/>
      <include name="wsdl4j-1.6.2/wsdl4j-1.6.2.jar"/>
      <include name="wss4j-1.5.11.jar"/>
      <include name="xalan-2.7.1/xalan-2.7.1.jar"/>
      <include name="xercesImpl-2.8.1/xercesImpl-2.8.1.jar"/>
      <include name="xmlsec-1.4.4/xmlsec-1.4.4.jar"/>
      <include name="xmltooling-1.3.1/xmltooling-1.3.1.jar"/>
    </fileset>
  </path>
</project>
