<?xml version="1.0" encoding="UTF-8"?>
<!--
 * Licensed to the Apache Software Foundation (ASF) under one
 * or more contributor license agreements.  See the NOTICE file
 * distributed with this work for additional information
 * regarding copyright ownership.  The ASF licenses this file
 * to you under the Apache License, Version 2.0 (the
 * "License"); you may not use this file except in compliance
 * with the License.  You may obtain a copy of the License at
 * 
 *   http://www.apache.org/licenses/LICENSE-2.0
 * 
 * Unless required by applicable law or agreed to in writing,
 * software distributed under the License is distributed on an
 * "AS IS" BASIS, WITHOUT WARRANTIES OR CONDITIONS OF ANY
 * KIND, either express or implied.  See the License for the
 * specific language governing permissions and limitations
 * under the License.    
-->
<scr:component name="CalculatorComponent" 
               xmlns:scr="http://www.osgi.org/xmlns/scr/v1.0.0">
    <implementation class="calculator.dosgi.impl.CalculatorServiceDSImpl" />
    <service>
        <provide interface="calculator.dosgi.CalculatorService" />
    </service>

    <reference name="addService" interface="calculator.dosgi.operations.AddService" bind="setAddService" unbind="unsetAddService"
        policy="dynamic" />
    <reference name="subtractService" interface="calculator.dosgi.operations.SubtractService" bind="setSubtractService"
        unbind="unsetSubtractService" policy="dynamic" />
    <reference name="multiplyService" interface="calculator.dosgi.operations.MultiplyService" bind="setMultiplyService"
        unbind="unsetMultiplyService" policy="dynamic" />
    <reference name="divideService" interface="calculator.dosgi.operations.DivideService" bind="setDivideService"
        unbind="unsetDivideService" policy="dynamic" />

</scr:component>
