<?xml version="1.0" encoding="UTF-8"?>
<!--
 * Licensed to the Apache Software Foundation (ASF) under one
 * or more contributor license agreements.  See the NOTICE file
 * distributed with this work for additional information
 * regarding copyright ownership.  The ASF licenses this file
 * to you under the Apache License, Version 2.0 (the
 * "License"); you may not use this file except in compliance
 * with the License.  You may obtain a copy of the License at
 *
 *   http://www.apache.org/licenses/LICENSE-2.0
 *
 * Unless required by applicable law or agreed to in writing,
 * software distributed under the License is distributed on an
 * "AS IS" BASIS, WITHOUT WARRANTIES OR CONDITIONS OF ANY
 * KIND, either express or implied.  See the License for the
 * specific language governing permissions and limitations
 * under the License.
-->
<!-- A sample module-context.xml for OSGI RFC 124 (BluePrint Service) -->
<components xmlns="http://www.osgi.org/xmlns/blueprint/v1.0.0">
    <component id="AddComponent" class="calculator.dosgi.operations.impl.AddServiceImpl">
    </component>
    <component id="SubtractComponent" class="calculator.dosgi.operations.impl.SubtractServiceImpl">
    </component>
    <component id="MultiplyComponent" class="calculator.dosgi.operations.impl.MultiplyServiceImpl">
    </component>
    <component id="DivideComponent" class="calculator.dosgi.operations.impl.DivideServiceImpl">
    </component>

    <!-- We can derive the SCA services for the implementation.osgi -->
    <service id="AddService" ref="AddComponent" interface="calculator.dosgi.operations.AddService">
    </service>
    <service id="SubtractService" ref="SubtractComponent" interface="calculator.dosgi.operations.SubtractService">
    </service>
    <service id="MultiplyService" ref="MultiplyComponent" interface="calculator.dosgi.operations.MultiplyService">
    </service>
    <service id="DivideService" ref="DivideComponent" interface="calculator.dosgi.operations.DivideService">
    </service>
</components>