<?xml version="1.0" encoding="UTF-8"?>
<!--
    * Licensed to the Apache Software Foundation (ASF) under one
    * or more contributor license agreements.  See the NOTICE file
    * distributed with this work for additional information
    * regarding copyright ownership.  The ASF licenses this file
    * to you under the Apache License, Version 2.0 (the
    * "License"); you may not use this file except in compliance
    * with the License.  You may obtain a copy of the License at
    * 
    *   http://www.apache.org/licenses/LICENSE-2.0
    * 
    * Unless required by applicable law or agreed to in writing,
    * software distributed under the License is distributed on an
    * "AS IS" BASIS, WITHOUT WARRANTIES OR CONDITIONS OF ANY
    * KIND, either express or implied.  See the License for the
    * specific language governing permissions and limitations
    * under the License.    
-->
<web-app xmlns="http://geronimo.apache.org/xml/ns/j2ee/web-2.0"
    xmlns:d="http://geronimo.apache.org/xml/ns/deployment-1.2">
    <d:environment>
        <d:moduleId>
            <d:groupId>org.apache.tuscany.sca</d:groupId>
            <d:artifactId>demo-alert-aggregator-webapp</d:artifactId>
            <d:version>1.4</d:version>
            <d:type>war</d:type>
        </d:moduleId>
        <!-- TUSCANY-2622 -->
        <d:hidden-classes>
	    <d:filter>org.apache.axiom</d:filter>
	    <d:filter>org.apache.axis2</d:filter>
            <d:filter>org.apache.commons</d:filter>
	    <d:filter>org.jdom</d:filter>
        </d:hidden-classes>    
    </d:environment>
</web-app>
