<!--
 * Licensed to the Apache Software Foundation (ASF) under one
 * or more contributor license agreements.  See the NOTICE file
 * distributed with this work for additional information
 * regarding copyright ownership.  The ASF licenses this file
 * to you under the Apache License, Version 2.0 (the
 * "License"); you may not use this file except in compliance
 * with the License.  You may obtain a copy of the License at
 * 
 *   http://www.apache.org/licenses/LICENSE-2.0
 * 
 * Unless required by applicable law or agreed to in writing,
 * software distributed under the License is distributed on an
 * "AS IS" BASIS, WITHOUT WARRANTIES OR CONDITIONS OF ANY
 * KIND, either express or implied.  See the License for the
 * specific language governing permissions and limitations
 * under the License.
-->
<project name="tuscany-implementation-script-runtime">
  <property name="tuscany.manifest" value="/home/lresende/opensource/apache/tuscany/svn-java-sca-2.0.1/distribution/all/target/features/tuscany-implementation-script-runtime/tuscany-sca-manifest.jar"/>
  <dirname property="tuscany-implementation-script-runtime.basedir" file="${ant.file.tuscany-implementation-script-runtime}"/>
  <path id="tuscany-implementation-script-runtime.path">
    <fileset dir="${tuscany-implementation-script-runtime.basedir}../../../modules">
      <include name="XmlSchema-1.4.3.jar"/>
      <include name="asm-3.1/asm-3.1.jar"/>
      <include name="axiom-api-1.2.10.jar"/>
      <include name="axiom-impl-1.2.10/axiom-impl-1.2.10.jar"/>
      <include name="bsf-utils-3.1/bsf-utils-3.1.jar"/>
      <include name="cglib-2.2/cglib-2.2.jar"/>
      <include name="commons-logging-1.1.1/commons-logging-1.1.1.jar"/>
      <include name="geronimo-javamail_1.4_spec-1.6.jar"/>
      <include name="groovy-all-1.7.1.jar"/>
      <include name="jaxen-1.1.1/jaxen-1.1.1.jar"/>
      <include name="jruby-complete-1.5.5.jar"/>
      <include name="js-1.7R2/js-1.7R2.jar"/>
      <include name="jython-2.5.2-beta1/jython-2.5.2-beta1.jar"/>
      <include name="tuscany-assembly-2.0.1.jar"/>
      <include name="tuscany-assembly-xml-2.0.1.jar"/>
      <include name="tuscany-assembly-xsd-2.0.1.jar"/>
      <include name="tuscany-common-java-2.0.1.jar"/>
      <include name="tuscany-common-xml-2.0.1.jar"/>
      <include name="tuscany-contribution-2.0.1.jar"/>
      <include name="tuscany-core-2.0.1.jar"/>
      <include name="tuscany-core-spi-2.0.1.jar"/>
      <include name="tuscany-databinding-2.0.1.jar"/>
      <include name="tuscany-extensibility-2.0.1.jar"/>
      <include name="tuscany-implementation-script-2.0.1.jar"/>
      <include name="tuscany-implementation-script-runtime-2.0.1.jar"/>
      <include name="tuscany-interface-java-2.0.1.jar"/>
      <include name="tuscany-interface-wsdl-2.0.1.jar"/>
      <include name="tuscany-monitor-2.0.1.jar"/>
      <include name="tuscany-sca-api-2.0.1.jar"/>
      <include name="tuscany-xsd-2.0.1.jar"/>
      <include name="wsdl4j-1.6.2/wsdl4j-1.6.2.jar"/>
    </fileset>
  </path>
</project>
