<?xml version="1.0" encoding="ASCII"?>
<!--
 * Licensed to the Apache Software Foundation (ASF) under one
 * or more contributor license agreements.  See the NOTICE file
 * distributed with this work for additional information
 * regarding copyright ownership.  The ASF licenses this file
 * to you under the Apache License, Version 2.0 (the
 * "License"); you may not use this file except in compliance
 * with the License.  You may obtain a copy of the License at
 * 
 *   http://www.apache.org/licenses/LICENSE-2.0
 * 
 * Unless required by applicable law or agreed to in writing,
 * software distributed under the License is distributed on an
 * "AS IS" BASIS, WITHOUT WARRANTIES OR CONDITIONS OF ANY
 * KIND, either express or implied.  See the License for the
 * specific language governing permissions and limitations
 * under the License.    
-->
<sca:definitions xmlns="http://www.osoa.org/xmlns/sca/1.0"
 			targetNamespace="http://bigbankAccount"
 			xmlns:sca="http://www.osoa.org/xmlns/sca/1.0"
 			xmlns:tuscany="http://tuscany.apache.org/xmlns/sca/1.0"
			xmlns:chk="http://bigbank/checkings"
 			xmlns:bb="http://bigbank"
 			xmlns:bba="http://bigbankAccount">

  
<sca:intent name="authorization" 
 			 constrains="sca:implementation.java">
 			 <description>
 				Authorization Intent
 			 </description>
</sca:intent>
 
 <!-- WS Security POLICY SETS -->
 <sca:policySet name="wsAuthenticationPolicy"
 	provides="authentication"
 	appliesTo="sca:service/sca:binding.ws">
 	<tuscany:wsConfigParam>
 		<parameter name="InflowSecurity">
 			<action>
 				<items>UsernameToken</items>
 				<passwordCallbackClass>bigbank.account.security.AccountsDataPasswordCallbackHandler</passwordCallbackClass>
       		</action>
      	</parameter>
 	</tuscany:wsConfigParam>
 </sca:policySet>
 
 <sca:policySet name="chkDeptAuthorizationPolicy"
 	provides="bba:authorization"
 	appliesTo="sca:implementation.java">
 	<chk:AuthPolicy>
 		<!-- need to evolve what should go in here -->
 	</chk:AuthPolicy>
 </sca:policySet>
 
</sca:definitions>