<?xml version="1.0" encoding="UTF-8"?>
<!--
 * Licensed to the Apache Software Foundation (ASF) under one
 * or more contributor license agreements.  See the NOTICE file
 * distributed with this work for additional information
 * regarding copyright ownership.  The ASF licenses this file
 * to you under the Apache License, Version 2.0 (the
 * "License"); you may not use this file except in compliance
 * with the License.  You may obtain a copy of the License at
 *
 *   http://www.apache.org/licenses/LICENSE-2.0
 *
 * Unless required by applicable law or agreed to in writing,
 * software distributed under the License is distributed on an
 * "AS IS" BASIS, WITHOUT WARRANTIES OR CONDITIONS OF ANY
 * KIND, either express or implied.  See the License for the
 * specific language governing permissions and limitations
 * under the License.
-->
<project name="DojoZipInstaller">
	

    <property name="dojo.version" value="1.0.0"/>
    <property name="unpack.location" value="${basedir}/src/main/resources/web/dojo"/>
	

    <target name="check-dojo-installed">
        <condition property="already.installed" >
            <available file="${localRepository}/dojo/dojo/${dojo.version}/dojo-${dojo.version}.zip"/>
        </condition>
        <condition property="maven.suffix" value="">
            <os family="unix"/>
        </condition>
        <condition property="maven.suffix" value=".bat">
            <os family="windows"/>
        </condition>
    </target>
	

    <target name="check-dojo-unpacked">
        <condition property="already.unpacked" >
            <available file="${unpack.location}"/>
        </condition>
    </target>

    <target name="install-dojo" depends="check-dojo-installed" unless="already.installed">
        <mkdir dir="${basedir}/target/dojo-download/"/>
        <get src="http://download.dojotoolkit.org/release-${dojo.version}/dojo-release-${dojo.version}.zip"
            dest="${basedir}/target/dojo-download/dojo-release-${dojo.version}.zip"
            verbose="true"
            usetimestamp="true"/>
        <exec executable="mvn${maven.suffix}" dir="${basedir}" failonerror="false">
            <arg line="install:install-file -DgroupId=dojo  -DartifactId=dojo -Dversion=${dojo.version} -Dpackaging=zip -DgeneratePom=true -Dfile=${basedir}/target/dojo-download/dojo-release-${dojo.version}.zip"/>
        </exec>
    </target>

    <target name="install-dojo-nomaven" depends="check-dojo-installed" unless="already.installed">
        <mkdir dir="${basedir}/target/dojo-download/"/>
        <get src="http://download.dojotoolkit.org/release-${dojo.version}/dojo-release-${dojo.version}.zip"
            dest="${basedir}/target/dojo-download/dojo-release-${dojo.version}.zip"
            verbose="true"
            usetimestamp="true"/>
        <copy file="${basedir}/target/dojo-download/dojo-release-${dojo.version}.zip" 
              tofile="${localRepository}/dojo/dojo/${dojo.version}/dojo-${dojo.version}.zip"/>
    </target>
	

    <target name="unpack-dojo-files" depends="check-dojo-installed, check-dojo-unpacked" unless="already.unpacked">
        <fail message="dojo zip file not installed in local repository: ${localRepository}" unless="already.installed"/>
        <mkdir dir="${basedir}/target/dojo-unpack-temp/"/>
        <unzip src="${localRepository}/dojo/dojo/${dojo.version}/dojo-${dojo.version}.zip"
               dest="${basedir}/target/dojo-unpack-temp/"
               overwrite="false">
            <patternset>
                <include name="dojo-release-${dojo.version}/dojo/**"/>
                <exclude name="dojo-release-${dojo.version}/dojo/tests/**"/>
                <include name="dojo-release-${dojo.version}/dijit/**"/>
                <exclude name="dojo-release-${dojo.version}/dojox/**"/>
                <exclude name="dojo-release-${dojo.version}/util/**"/>
            </patternset>
        </unzip>
        <move file="${basedir}/target/dojo-unpack-temp/dojo-release-${dojo.version}"
              tofile="${unpack.location}"
              verbose="true"/>
        <delete dir="${basedir}/target/dojo-unpack-temp/"/>
    </target>
	

    <target name="clean-dojo-files">
        <delete dir="${unpack.location}"/>
    </target>
</project>
