<?xml version="1.0" encoding="ASCII"?>
<!--
    * Licensed to the Apache Software Foundation (ASF) under one
    * or more contributor license agreements.  See the NOTICE file
    * distributed with this work for additional information
    * regarding copyright ownership.  The ASF licenses this file
    * to you under the Apache License, Version 2.0 (the
    * "License"); you may not use this file except in compliance
    * with the License.  You may obtain a copy of the License at
    * 
    *   http://www.apache.org/licenses/LICENSE-2.0
    * 
    * Unless required by applicable law or agreed to in writing,
    * software distributed under the License is distributed on an
    * "AS IS" BASIS, WITHOUT WARRANTIES OR CONDITIONS OF ANY
    * KIND, either express or implied.  See the License for the
    * specific language governing permissions and limitations
    * under the License.    
-->
<definitions xmlns="http://www.osoa.org/xmlns/sca/1.0" targetNamespace="http://tuscany.apache.org/xmlns/sca/1.0"
    xmlns:sca="http://www.osoa.org/xmlns/sca/1.0" xmlns:tuscany="http://tuscany.apache.org/xmlns/sca/1.0"
    xmlns:calc="http://calculator">

    <!-- PolicySets -->
    <policySet name="JaasPolicy" provides="tuscany:jaasAuthentication" appliesTo="sca:implementation.java"
        xmlns="http://www.osoa.org/xmlns/sca/1.0">
        <tuscany:jaasAuthentication>
            <tuscany:configurationName>Calculator</tuscany:configurationName>
            <tuscany:callbackHandler>calculator.security.CalculatorCallbackHandler</tuscany:callbackHandler>
        </tuscany:jaasAuthentication>
    </policySet>

    <!-- PolicySets -->
    <policySet name="JDKLoggingPolicy" provides="tuscany:logging" appliesTo="sca:implementation.java"
        xmlns="http://www.osoa.org/xmlns/sca/1.0">
        <tuscany:jdkLogger name="calculator">
            <logLevel>FINER</logLevel>
        </tuscany:jdkLogger>
    </policySet>
</definitions>